{
  "testFiles": {},
  "files": {
    "test/jscad-test.js": {
      "runs": 120,
      "avg0": 14,
      "avg1": 18.615733089506826,
      "avg2": 22.44306048819994,
      "avg3": 22.591666666666686
    },
    "test/makey-test.js": {
      "runs": 42,
      "avg0": 4,
      "avg1": 5.519244769607958,
      "avg2": 6.047619047619048,
      "avg3": 6.047619047619048
    },
    "test/cube-bench.js": {
      "runs": 13,
      "avg0": 20020,
      "avg1": 3376.3612000000003,
      "avg2": 2936.7692307692305,
      "avg3": 2936.7692307692305
    },
    "test/cylinder-bench.js": {
      "runs": 13,
      "avg0": 20031,
      "avg1": 3773.3793000000005,
      "avg2": 3355.1538461538466,
      "avg3": 3355.1538461538466
    }
  }
}